/2015waterquality                         301  /water/pdf/2015waterquality.pdf
/2016-water-quality-data                  301  /water/PDF/2016-water-quality-results.pdf
/2016waterquality                         301  /water/wu/water%20quality%20reports/2016waterquality.pdf
/2018                                     301  /2018-12-21-10-big-moments-from-2018-in-philadelphia/
/311/report-an-issue                      301  https://iframe.publicstuff.com/#?client_id=242
/2020-03-28-where-to-find-free-nutritious-food-during-covid-19/ 301 /food/
/2020-03-29-donde-conseguir-comidas-gratis-y-nutritivas-para-familias-y-estudiantes/ 301 /food/
/2020-03-28-where-to-find-free-nutritious-food-during-covid-19-zh/ 301 /food/
/2020-03-28-o-dau-co-the-tim-duoc-thuc-pham-bo-duong-mien-phi-trong-luc-benh-covid-19/ 301 /food/
/2020-03-28-where-to-find-free-nutritious-food-during-covid-19-ru/ 301 /food/
/2020-03-28-ou-trouver-de-la-nourriture-gratuite-et-nutritive-durant-le-covid-19/ 301 /food/
/2020-04-15-free-meals-for-seniors-during-covid-19/ 301 /food/
/2020-04-14-comidas-gratis-para-adultos-mayores-durante-la-crisis-del-covid-19/ 301 /food/
/2020-04-14-free-meals-for-seniors-during-covid-19-zh/ 301 /food/
/2020-04-14-bua-an-mien-phi-cho-nguoi-gia-trong-giai-doan-dich-covid-19/ 301 /food/
/2020-04-14-free-meals-for-seniors-during-covid-19-ru/ 301 /food/
/2020-04-14-repas-gratuits-pour-les-seniors-pendant-le-covid-19/ 301 /food/
/2020-03-14-find-free-meals-and-safe-spaces-for-students-while-schools-are-closed/ 301 /food/
/2020-04-20-encuentra-comidas-gratis-para-estudiantes-mientras-las-escuelas-estan-cerradas/ 301 /food/
/2020-03-14-find-free-meals-for-students-while-schools-are-closed-zh/ 301 /food/
/2020-03-14-tim-bua-an-mien-phi-danh-cho-hoc-tro-trong-luc-truong-hoc-dong-cua/ 301 /food/
/2020-03-14-find-free-meals-for-students-while-schools-are-closed-ru/ 301 /food/
/2020-03-14-trouver-des-repas-gratuits-pour-les-etudiants-pendant-la-fermeture-des-ecoles/ 301 /food/
/2020-08-20-where-to-find-supervised-connected-access-centers-for-digital-learning/ 301 /programs/access-centers/
/2021-04-09-getting-vaccinated-at-the-esperanza-community-vaccination-center-what-to-expect  301  /ecvc/
/aco                                      301  /departments/mayors-office-for-people-with-disabilities/
/access-center-finder$                    301  /access-center-finder/
/access-center-finder/(.*)                200  http://phila-resource-finder.s3-website-us-east-1.amazonaws.com/access-centers/prod/$1
/access-centers                           301  /programs/access-centers/
/accesscenters                            301  /programs/access-centers/
/actionguides                             301  /the-latest/#action-guides
/active-duty-credit                       301  /services/payments-assistance-taxes/tax-credits/active-duty-tax-credit/
/ada-grievance                            301  /services/diversity-inclusion-accessibility-immigration/submit-an-ada-grievance-against-the-city/
/adult-education                          301  /programs/adult-education/
/after-an-emergency                       301  /services/safety-emergency-preparedness/after-an-emergency/
/agefriendly                              301  https://secure.jotform.us/philagov/mca-survey/
/agencies(.*)                             301  /departments/
/aging(.*)                                301  /departments/mayors-commission-on-aging/
/America                                  301  http://phl.maps.arcgis.com/apps/MapJournal/index.html?appid=b0d5efe6fb7a4ed7a5fd9c3c681b8b41
/aqi-redirect                             301  /services/mental-physical-health/environmental-health-hazards/air-quality/
/aqi(.*)                                  301  /services/mental-physical-health/environmental-health-hazards/air-quality/
/armynavygame                             301  https://phl.maps.arcgis.com/apps/MapJournal/index.html?appid=e95a27f5b7874ce78147677cf605b1b6
/artcommission(.*)                        301  /departments/philadelphia-art-commission/
/art-commission                           301  /departments/philadelphia-art-commission/
/artincityhall                            301  http://creativephl.org/tagged/Exhibitions-and-Performances/
/arts                                     301  http://creativephl.org/
/asistencia-factura-agua                  301  https://cap.phila.gov/static/index-spanish.html  
/avicalculator                            301  http://avicalculator.phila.gov
/bankon                                   301  /services/payments-assistance-taxes/open-a-safe-and-affordable-bank-account/
/bank-on                                  301  /services/payments-assistance-taxes/open-a-safe-and-affordable-bank-account/
/become-a-water-customer                  301  /services/water-gas-utilities/become-a-water-customer/
/benchmarking                             301  http://www.phillybuildingbenchmarking.com/
/bge                                      301  /programs/broad-germantown-and-erie-bge/
/bids                                     301  /departments/procurement-department/
/bidsonline                               301  https://www.phlcontracts.phila.gov/bso/
/bikeshare/pages/default.aspx             301  http://www.phillyotis.com/portfolio-item/indego/
/board-of-education                       301  /departments/philadelphia-board-of-education/
/boepaperform                             301  /documents/board-of-education-job-description/
/broadstreetrun                           301  http://phl.maps.arcgis.com/apps/MapJournal/index.html?appid=546b42e14be942009f364d81987eaa81
/brt/pages/default.aspx                   301 /departments/board-of-revision-of-taxes/
/brt/appeals/Pages/default.aspx           301 /departments/board-of-revision-of-taxes/property-assessment-appeals/ 
/brt/CalendarHearingSchedule/Pages/default.aspx 301 /departments/board-of-revision-of-taxes/
/brt/propertyinformation/Pages/default.aspx 301 /services/property-lots-housing/find-property-information/
/brt/aboutus/Pages/FAQ.aspx               301 /departments/board-of-revision-of-taxes/faq/
/brt(.*)                                  301  /departments/board-of-revision-of-taxes/
/bumpout                                  301  http://www.stormwaterpa.org/stormwater-bumpouts.html?key=0
/business                                 301  https://business.phila.gov
/businesssupport                          301  /departments/department-of-commerce/supporting-business/
/businessattraction                       301  /departments/department-of-commerce/about-us/divisions/office-of-business-development/
/business-taxes/sales-use-tax             301  /services/business-self-employment/business-taxes/sales-use-hotel-occupancy-tax/
/business-taxes/sweetened-beverage-tax    301  /services/business-self-employment/business-taxes/philadelphia-beverage-tax/
/business-taxes/use-occupancy-tax         301  /services/business-self-employment/business-taxes/use-occupancy-tax/
/business-taxes/vehicle-rental-tax        301  /services/business-self-employment/business-taxes/vehicle-rental-tax/
/businesstaxprograms                      301  /services/payments-assistance-taxes/tax-credits/
/business-vaccine                         301  https://form.jotform.com/philagov/workforce-covid-vaccine-planning
/businessvaccine                          301  https://form.jotform.com/philagov/workforce-covid-vaccine-planning
/campcraig2019                            301  https://survey123.arcgis.com/share/d5c0af4dbea242819835571e79087d6a
/cao                                      301  /departments/office-of-the-chief-administrative-officer/
/ceo/(.*)                                 301  /departments/office-of-community-empowerment-and-opportunity/
/census                                   301  /programs/philly-counts-2020/
/channel64/Pages/default.aspx             301  /departments/office-of-innovation-and-technology/phlgovtv/
/channel64/Documents/weeklySchedule.pdf   301  /documents/phlgovtv-broadcast-schedule/
/channel64/Pages/CableComplaintForm.aspx  301  /services/water-gas-utilities/submit-a-cable-tv-service-complaint/
/chirp                                    301  /2021-03-09-new-grant-opportunity-for-philadelphia-businesses-in-the-hospitality-industry
/citizenship                              301  /2018-01-12-citizenship-information-resources/
/citycouncil                              301  http://philadelphiacitycouncil.net/
/citylandmarks                            301  http://phl.maps.arcgis.com/apps/CrowdsourceReporter/index.html?appid=7fa0d185a2bd4ada90151b378aea2e1e
/citymaps                                 301  http://citymaps.phila.gov/Map/
/CityPlanning/projectreviews/Pages/RegisteredCommunityOrganizations.aspx 301 /programs/registered-community-organizations-rcos/
/CityPlanning/resources/Publications/RowhouseManual_Final.pdf 301 /documents/philadelphia-rowhouse-manual-a-practical-guide-for-homeowners/
/cityplanning(.*)                         301  /departments/philadelphia-city-planning-commission/
/cityrep                                  301  /departments/office-of-the-city-representative/
/cityscholarship                          301  /programs/philadelphia-city-scholarship-program/
/city-health-centers                      301  /services/mental-physical-health/city-health-centers/
/civilservice                             301  /personnel/civilservice.html
/cjps                                     301 /departments/office-of-policy-and-strategic-initiatives-for-criminal-justice-and-public-safety/ 
/clean-waters                             301  http://stormwaterpa.org/green-city,-clean-waters.html?key=1
/clip/aboutus/Pages/communityservicerequest.aspx 301 /programs/community-service-program/community-service-program-request-form/
/clip/aboutus/Pages/CommunityServiceProgram.aspx 301 /programs/community-service-program/
/clip/communitypartnershipprogram/Pages/CPPRequestFormaspx.aspx 301 /programs/community-partnership-program/community-partnership-program-request-form/
/clip/communitypartnershipprogram/Pages/EffectiveCleanup.aspx 301 /programs/community-partnership-program/how-to-organize-an-effective-cleanup/
/clip/communitypartnershipprogram/Pages/default.aspx 301 /programs/community-partnership-program/
/clip/graffitiremoval/Pages/GraffitiRemovalRequestForm.aspx 301 http://iframe.publicstuff.com/#?client_id=242&request_type_id=1012143
/clip/graffitiremoval(.*)                 301 /services/streets-sidewalks-alleys/report-graffiti/
/clip/vacantlotprogram/pages/default.aspx 301  /programs/vacant-lot-program/
/clip(.*)                                 301  /departments/community-life-improvement-program/
/codeBlue.html                            301  /services/mental-physical-health/environmental-health-hazards/extreme-weather/code-blue/
/columbus-feedback                        301  https://form.jotform.com/philagov/columbus-feedback
/commissioners                            301  http://www.philadelphiavotes.com/
/commerce/doBusiness/Pages/default.aspx   301  /services/business-self-employment/do-business-with-the-city/
/commerce/businesssupport/mwdsbesupport/pages/default.aspx 301 /departments/office-of-economic-opportunity/
/commerce/businessAttraction/Pages/default.aspx 301 /departments/department-of-commerce/about-us/divisions/office-of-business-development/
/commerce/neighborhoods/Pages/default.aspx 301 /departments/department-of-commerce/investing-in-neighborhoods/
/commerce/businessSupport/Pages/default.aspx 301 /departments/department-of-commerce/supporting-business/
/commerce/business-resource-finder(.*)    200  http://phila-resource-finder.s3-website-us-east-1.amazonaws.com/commerce/business-resource-finder$1
/commerce/realEstate/developerServices/Pages/default.aspx 301 /departments/division-of-development-services/
/commerce/realEstate/developerServices/Pages/DevelopmentServicesCommittee.aspx 301 /departments/division-of-development-services/
/commerce/realEstate/Pages/KeystoneOpportunityZones.aspx 301 /programs/keystone-opportunity-zones/
/commerce/pages/default.aspx              301  /departments/department-of-commerce/
/commerce(.*)                             301  /departments/department-of-commerce/
/content-style-guide                      301  http://standards.phila.gov/guidelines/content/
/content-style-guide/(.*)                 301  http://standards.phila.gov/guidelines/content/
/contractprepfee                          301  https://www.officialpayments.com/pc_entry_cobrand.jsp?productId=635840624434951202173815789925863516
/contracts/data$                          301  /contracts/data/
/contracts/data/(.*)                      200  https://cityofphiladelphia.github.io/contracts/$1
/contracts/additional-opportunities       301  /departments/office-of-the-chief-administrative-officer/contracts-legislation-unit/contract-opportunities-with-special-application-processes/
/contracts(.*)                            301  https://contracts.phila.gov
/covid/faithPHL                           301  https://veoci.com/veoci/p/form/s4n33gugsg7c
/covid/service-needs                      301  https://form.jotform.com/philagov/covid-service-needs
/covid/testing-bids                       301  https://veoci.com/veoci/p/form/gfxhjgwvcxeh#tab=entryForm
/covid                                    301  /programs/coronavirus-disease-2019-covid-19/
/covidvaccine                             301  /programs/coronavirus-disease-2019-covid-19/vaccines/
/covid-vaccine                            301  /programs/coronavirus-disease-2019-covid-19/vaccines/
/covid19                                  301  /programs/coronavirus-disease-2019-covid-19/
/covid-19                                 301  /programs/coronavirus-disease-2019-covid-19/
/covid19businessrelief                    301  /programs/philadelphia-covid-19-small-business-relief-fund/
/covid-19-business-relief                 301  /programs/philadelphia-covid-19-small-business-relief-fund/
/covid19taxrelief                         301  /departments/department-of-revenue/our-services/tax-services/tax-guidance-in-response-to-covid-19/
/covid-19-tax-relief                      301  /departments/department-of-revenue/our-services/tax-services/tax-guidance-in-response-to-covid-19/
/covid-testing-sites$                     301  /covid-testing-sites/
/covid-testing-sites/(.*)                 200  http://phila-resource-finder.s3-website-us-east-1.amazonaws.com/covid-testing/prod/$1
/cramp                                    301  /programs/community-schools/william-cramp-elementary-school/
/data                                     301  /programs/open-data-program/
/data/discuss                             301  https://groups.google.com/forum/#!forum/opendataphilly
/data/exeutive-order                      301  /documents/open-data-program-executive-order/
/dbhids                                   301  /departments/department-of-behavioral-health-and-intellectual-disability-services/
/dbhmrs                                   301  http://www.dbhmrs.org/
/deed-fraud                               301  /services/property-lots-housing/get-help-with-deed-or-mortgage-fraud/
/defender                                 301  http://www.philadefender.org/
/democraticnationalconvention             301  /events/democratic-national-convention/
/departmentofpublicproperty/pages/default.aspx 301 /departments/department-of-public-property/
/departments                              301  /city-government-directory/
/departments/                             301  /city-government-directory/
/departments/(.*)/about/all-events        301  /the-latest/all-events/
/departments/(.*)/all-events              301  /the-latest/all-events/
/departments/board-of-education           301  /departments/philadelphia-board-of-education/
/departments/commission-for-women/        301  /departments/office-of-engagement-for-women/philadelphia-commission-for-women/
/departments/commission-on-parks-and-recreation 301 /departments/philadelphia-parks-recreation/about/the-commission-on-parks-recreation/
/departments/department-of-planning-and-development/development-services(.*) 301  /departments/division-of-development-services/
/departments/division-of-housing-community-development/ 301 /departments/division-of-housing-and-community-development/
/departments/education                    301  /departments/mayors-office-of-education/
/departments/emergency-management         301  /departments/oem
/departments/emergency-management/(.*)    301  /departments/oem/$1
/departments/mayor/get-involved           301  /departments/mayor/#action-modal
/departments/mayor/quality-pre-k          301  /departments/mayors-office-of-education/quality-pre-k-newsletter-signup/
/departments/office-of-immigrant-affairs/mayors-commission-on-asian-american-affairs/(.*) 301 /departments/office-of-immigrant-affairs/mayors-commission-on-asian-pacific-american-affairs/$1
/departments/mayors-office-of-community-empowerment-and-opportunity 301 /departments/office-of-community-empowerment-and-opportunity/
/departments/mayors-office-of-education/career-technical-education 301 /programs/career-technical-education/
/departments/mayors-office-of-education/community-schools 301 /programs/community-schools/
/departments/mayors-office-of-education/community-schools/alain-locke-school 301 /programs/community-schools/alain-locke-school/
/departments/mayors-office-of-education/community-schools/edward-gideon-elementary-school 301 /programs/community-schools/edward-gideon-elementary-school/
/departments/mayors-office-of-education/community-schools/f-s-edmonds-elementary-school 301 /programs/community-schools/f-s-edmonds-elementary-school/
/departments/mayors-office-of-education/community-schools/george-washington-high-school 301 /programs/community-schools/george-washington-high-school/
/departments/mayors-office-of-education/community-schools/james-logan-elementary-school 301 /programs/community-schools/james-logan-elementary-school/
/departments/mayors-office-of-education/community-schools/kensington-health-sciences-academy 301 /programs/community-schools/kensington-health-sciences-academy/
/departments/mayors-office-of-education/community-schools/murrell-dobbins-cte-high-school 301 /programs/community-schools/murrell-dobbins-cte-high-school/
/departments/mayors-office-of-education/community-schools/samuel-gompers-school 301 /programs/community-schools/samuel-gompers-school/
/departments/mayors-office-of-education/community-schools/south-philadelphia-high-school 301 /programs/community-schools/south-philadelphia-high-school/
/departments/mayors-office-of-education/community-schools/southwark-elementary-school 301 /programs/community-schools/southwark-school/
/departments/mayors-office-of-education/community-schools/tilden-middle-school 301 /programs/community-schools/tilden-middle-school/
/departments/mayors-office-of-education/community-schools/william-cramp-elementary-school 301 /programs/community-schools/william-cramp-elementary-school/
/departments/mayors-office-of-education/quality-pre-k 301 /programs/quality-pre-k/
/departments/mayors-office-of-labor/(.*) 301 /departments/department-of-labor/$1
/departments/mayors-office-of-public-engagement/mayors-commission-on-asian-american-affairs/(.*) 301 /departments/office-of-immigrant-affairs/mayors-commission-on-asian-american-affairs/$1
/departments/mayors-office-of-reintegration-services/ 301 /departments/office-of-reentry-partnerships/
/departments/office-of-innovation-management/         301 /departments/office-of-innovation-and-technology/innovation-management-team/
/departments/office-of-transportation-infrastructure-systems/ 301 /departments/office-of-transportation-infrastructure-sustainability/
/departments/office-of-the-chief-diversity-and-inclusion-officer 301 /departments/office-of-diversity-equity-and-inclusion/
/departments/parks-recreation             301  /departments/philadelphia-parks-recreation/
/departments/revenue                      301  /departments/department-of-revenue/
/departments/water-sewer-stormwater-rate-board 301 /departments/water-sewer-storm-water-rate-board/
/departments/mayors-office-of-education/quality-pre-k-newsletter-signup/ 301 /programs/quality-pre-k/newsletter-sign-up/ 
/departments/office-of-open-data-and-digital-transformation(.*)    301 /2019-10-14-the-evolution-of-design-tech-and-data-at-the-city/
/departments/philadelphia-historical-commission/agendas-and-minutes/ 301 /departments/philadelphia-historical-commission/public-meetings/ 
/development-services                     301  /departments/division-of-development-services/
/dhcd/neighborhood-resources$             301  /dhcd/neighborhood-resources/
/dhcd/neighborhood-resources/(.*)         200  http://phila-resource-finder.s3-website-us-east-1.amazonaws.com/nacs/prod/$1
/dhcd/?(.*)                               301  /departments/division-of-housing-and-community-development/
/dhs/about                                301  /departments/department-of-human-services/about-us/
/dhs/qpi                                  301  /programs/quality-parenting-initiative-qpi/
/dhs(.*)                                  301  /departments/department-of-human-services/
/disability-access                        301  /departments/mayors-office-for-people-with-disabilities/submit-your-comments-on-the-city-of-philadelphias-ada-transition-plan/
/disputes-appeals                         301  /services/permits-violations-licenses/
/disputes-appeals/dispute-a-water-bill    301  /services/water-gas-utilities/pay-or-dispute-a-water-bill/dispute-a-water-bill/
/districtattorney/pages/pressreleases.aspx 301 https://phillyda.wordpress.com/
/districtattorney/resources/pages/pressreleases.aspx 301 https://phillyda.wordpress.com/
/dnc                                      301  /events/democratic-national-convention/
/dobbins                                  301  /programs/community-schools/murrell-dobbins-cte-high-school/
/documents/2015-income-based-wage-tax-refund-petition 301 /documents/income-based-wage-tax-refund-petition/
/documents/air-management-regulations     301  /documents/air-management-guidelines-and-regulations/
/documents/coronavirus-covid-19-resources  301  /programs/coronavirus-disease-2019-covid-19/multi-language-resources/covid-19-coronavirus-resources-in-english/
/documents/coronavirus-tax-guidance/       301  /departments/department-of-revenue/our-services/tax-services/tax-guidance-in-response-to-covid-19/
/documents/covid-19-resource-translations  301  /programs/coronavirus-disease-2019-covid-19/multi-language-resources/
/documents/philadelphia-city-scholarship-program-application/ 301 /2018-12-06-high-school-seniors-apply-for-the-philadelphia-city-scholarship/
/documents/readynotifypa-brochure         301  /documents/ready-philadelphia-brochure/
/documents/miles-mack-playground-plans-and-renderings-for-rebuild/ 301 /documents/miles-mack-playground-rebuild-plans-and-resources/
/documents/hancock-playground-plans-and-renderings-for-rebuild/ 301 /documents/hancock-playground-rebuild-plans-and-resources/
/documents/greenworks-review-2017/        301 /documents/greenworks-review/
/documents/philadelphia-prisons-daily-census/ 301 /departments/philadelphia-department-of-prisons/daily-headcount-and-census/
/documents/information-for-businesses-interested-in-working-on-rebuild/ 301 /documents/rebuild-resources-for-businesses/
/documents/civic-design-review-cdr-meeting-materials/ 301 /departments/philadelphia-city-planning-commission/public-meetings/ 
/documents/philadelphia-city-planning-commission-meeting-agendas-and-minutes/ 301 /departments/philadelphia-city-planning-commission/public-meetings/ 
/dot                                      301  /it
/droneguide                               301  https://phl.maps.arcgis.com/apps/MapJournal/index.html?appid=d93906e2068e4eaa9c0e505287b959e2
/DronePhilly                              301  https://veoci.com/veoci/p/dashboard/8vfac7c7b7
/education(.*)                            301  /departments/mayors-office-of-education/
/educationnews                            301  /departments/mayors-office-of-education/newsletter-sign-up/
/eeo-?complaint?                          301  /services/working-jobs/file-a-sexual-harassment-complaint/
/employee-screener$                       301  /employee-screener/
/employee-screener/(.*)                   200  http://philagov-employee-screener.s3-website-us-east-1.amazonaws.com/employee-screener/prod/$1
/eoc-gisrequest                           301  https://veoci.com/veoci/p/dashboard/4p9brrkav6
/eslmap                                   301  http://phl.maps.arcgis.com/apps/View/index.html?appid=3929071e10db460db6e2265423ed4e83
/evacuations/(.*)                         301  /services/safety-emergency-preparedness/evacuations/$1
/executive_orders/?.*                     301  /executiveorders/
/fairchancephilly                         301  /2018-06-25-philadelphias-fair-chance-hiring-law-heres-what-you-should-know/
/fairhousing                              301  /fairhousingcommission
/faithbased(.*)                           301  /departments/faith-based-and-interfaith-affairs/
/families                                 301  /departments/office-of-children-and-families/
/fe/(.*)                                  301  /programs/financial-empowerment-centers/
/fhc                                      301  /fairhousingcommission
/financialempowerment                     301  /programs/financial-empowerment-centers/
/findafacility/?.*                        301  /parks-rec-finder/#/locations
/fire/recruit                             301  /departments/philadelphia-fire-department/recruitment/
/fire/?.*                                 301  /departments/philadelphia-fire-department/
/fleet(.*)                                301  /departments/office-of-fleet-management/
/foodstandards                            301  /documents/city-of-philadelphia-nutrition-standards/
/food$                                    301  /food/
/food/(.*)                                200  http://phila-resource-finder.s3-website-us-east-1.amazonaws.com/free-meals/prod/$1
/fosteringphilly                          301  /services/birth-marriage-life-events/become-a-foster-parent/
/fsedmonds                                301  /programs/community-schools/f-s-edmonds-elementary-school/
/FY20-budget                              301  /2019-03-07-mayor-kenneys-fy20-budget-prioritizes-education-inclusion-and-justice/
/getcovered                               301  /posts/health/2017-11-01-deadline-december-15-everything-you-need-to-know-about-aca-enrollment/
/gethealthyphilly                         301  /programs/get-healthy-philly/
/getmarried                               301  http://secureprod.phila.gov/wills/marriagelicense.aspx
/gideon                                   301  /programs/community-schools/edward-gideon-elementary-school/
/globalphiladelphia                       301  /departments/office-of-immigrant-affairs/
/gompers                                  301  /programs/community-schools/samuel-gompers-school/
/green(.*)                                301  /departments/office-of-sustainability/
/guides                                   301  /guides/lead-guide/
/guides/reopening-with-care(.*)           301  /programs/coronavirus-disease-2019-covid-19/guidance/guidance-documents/
/guncontrolpolicies                       301  /2018-03-20-gun-control-policies/
/guncontrol                               301  /2018-03-20-gun-control-policies/
/gwhs                                     301  /programs/community-schools/george-washington-high-school/
/healthcenters                            301  /services/mental-physical-health/city-health-centers/
/healthreform                             301  /departments/department-of-public-health/
/health/airmanagement/AirCodes.html       301  /departments/department-of-public-health/for-business-owners/air-and-dust/
/health/AirManagement/AirPermittingForms.html  301 /departments/department-of-public-health/for-business-owners/air-and-dust/
/health/airmanagement/AsbestosControl.html 301 /services/permits-violations-licenses/apply-for-a-permit/environmental-permits-and-approvals/dust-air-pollution-and-asbestos/apply-for-an-asbestos-project-permit/
/health/airmanagement/DryCleaning.html    301  /documents/dry-cleaning-regulations/
/health/check-and-connect                 301  http://runningstarthealth.phila.gov/check-connect
/health/ChildhoodLead/LandlordTenants.html 301 /programs/lead-and-healthy-homes-program/
/health/Commissioner/DataResearch.html    301  /departments/department-of-public-health/data/
/health/contact.html                      301  /departments/department-of-public-health/contact-us/
/health/diseasecontrol/hc1.html           301  /services/mental-physical-health/city-health-centers/
/health/FoodProtection/FoodSafetyReports.html 301 /services/permits-violations-licenses/business-licenses-permits-and-approvals/food-businesses/look-up-a-food-safety-inspection-report/
/health/FoodProtection/NewFoodBusinesses.html 301 /services/permits-violations-licenses/business-licenses-permits-and-approvals/food-businesses/take-a-food-safety-certification-course/
/health/faq/faq_medicalexaminer.html      301  /departments/medical-examiners-office/
/health/farmersmarkets                    301  /services/permits-violations-licenses/business-licenses-permits-and-approvals/food-businesses/operate-a-farmers-market/
/health/irb                               301  /services/mental-physical-health/medical-professionals/submit-a-research-study-to-the-institutional-review-board-irb/
/health/leadlaw                           301  /programs/lead-and-healthy-homes-program/
/health/MCFH/BreastfeedingPromotion.html  301  /services/mental-physical-health/get-health-care-and-support/family-and-childrens-health-care/get-breastfeeding-support/
/health/MCFH/specialNeeds.html            301  /services/mental-physical-health/get-health-care-and-support/family-and-childrens-health-care/get-support-for-a-child-with-special-health-care-needs/
/health/medicalexaminer                   301  /departments/medical-examiners-office/
/health/peds                              301  /services/mental-physical-health/get-health-care-and-support/family-and-childrens-health-care/get-pediatric-health-care/
/health/pdfs/FoodSafetyCertInsturc.pdf    301  /services/permits-violations-licenses/business-licenses-permits-and-approvals/food-businesses/take-a-food-safety-certification-course/
/health/pdfs/PSNC%20Directory.pdf         301  /documents/resources-for-families-of-children-with-special-health-care-needs/
/health/permitsForms.html                 301  /departments/department-of-public-health/for-business-owners/
/health/tobaccopermits                    301  /services/permits-violations-licenses/business-licenses-permits-and-approvals/tobacco-retailers/get-a-tobacco-retailer-permit/
/health(.*)                               301  /departments/department-of-public-health/
/helpme                                   301  /311/Pages/default.aspx
/hhs/privacy                              301  /hhs/pages/privacy.aspx
/hhe                                      301  /2019-06-11-what-happens-when-the-city-declares-a-heat-health-emergency/
/historical/taskforce                     301  https://www.phlpreservation.org/
/historical(.*)                           301  /departments/philadelphia-historical-commission/
/holiday-celebrations                     301  /spotlight/city-of-philadelphia-holiday-celebrations-2020/
/homelessservices                         301  /departments/office-of-homeless-services/
/homeless-services                        301  /departments/office-of-homeless-services/
/homestead                                301  /services/property-lots-housing/get-real-estate-tax-relief/get-the-homestead-exemption/
/ig(.*)                                   301  /departments/office-of-the-inspector-general/
/ima/                                     301  /departments/office-of-immigrant-affairs/
/immigrant-business-week                  301  /spotlight/immigrant-business-week-2020/
/immigrant-heritage-month                 301  /spotlight/immigrant-heritage-month/
/inclusive-growth                         301  /2019-05-02-city-focuses-on-inclusion-and-equity-in-its-economic-growth-plan/
/income-based-assistance-programs         301  /services/payments-assistance-taxes/income-based-assistance-programs/
/income-based-assistance-programs/longtime-owner-occupants-program-loop 301 /services/payments-assistance-taxes/income-based-assistance-programs/longtime-owner-occupants-program/
/income-based-assistance-programs/low-income-senior-citizen-real-estate-tax-freeze 301 /services/property-lots-housing/get-real-estate-tax-relief/low-income-senior-citizen-real-estate-tax-freeze/
/income-based-assistance-programs/real-estate-tax-deferral-program 301 /services/payments-assistance-taxes/get-real-estate-tax-relief/real-estate-tax-deferral-program/
/income-taxes/net-profits-tax             301  /services/business-self-employment/business-taxes/net-profits-tax/
/income-taxes/overview                    301  /services/payments-assistance-taxes/income-taxes/
/info/?$                                  301  /info/pages/wifi.aspx
/inspector                                301  /departments/office-of-the-inspector-general/
/inspectorgeneral                         301  /departments/office-of-the-inspector-general/
/integrityworks(.*)                       301  /programs/integrity-works/
/investorconference                       301  /investor/Pages/InvestorConference.aspx
/it/pages/default.aspx                    301 /departments/office-of-innovation-and-technology/
/it/Innovation/Pages/InnovationManagement.aspx 301 /departments/office-of-innovation-and-technology/innovation-management-team/
/it/aboutus/Pages/default.aspx            301 /departments/office-of-innovation-and-technology/about/
/it/aboutus/Pages/Leadership.aspx         301 /departments/office-of-innovation-and-technology/about/leadership/
/it/aboutus/units/(.*)                    301 /departments/office-of-innovation-and-technology/about/units/
/it/aboutus/units/Pages/GISServicesGroup.aspx 301 /departments/office-of-innovation-and-technology/innovation-management-team/
/it/aboutus/pages/employment.aspx         301  https://www.smartrecruiters.com/OfficeOfInnovationTechnology
/itjobs                                   301  https://www.smartrecruiters.com/OfficeOfInnovationTechnology
/iwa                                      301  https://goo.gl/forms/bgDbXCvrvpJoRpul2
/kenney-?1000-?days                       301  /documents/first-1000-days-of-the-kenney-administration/
/khsa                                     301  /programs/community-schools/kensington-health-sciences-academy/
/labor                                    301  /departments/mayors-office-of-labor/
/landbank                                 301  http://www.philadelphialandbank.org
/languageaccess                           301  /programs/language-access-philly/
/language-access                          301  /programs/language-access-philly/
/law/(.*)                                 301  /departments/law-department/
/lbe-certification                        301  /services/business-self-employment/bidding-on-a-city-contract/get-certified-as-a-local-business-entity/
/lcorc                                    301  https://forms.office.com/Pages/ResponsePage.aspx?id=T4ZGIOpofUmvNKZimmzXAHtUgHT1kUNJm83x--pZVsJURFoxN0UwRVhDR0E0MjNNTllKUTJINU5ONC4u
/lead                                     301  /guides/lead-guide/
/leadhealthyhomes                         301  /programs/lead-and-healthy-homes-program/
/leaf-recycling                           301  /services/trash-recycling-city-upkeep/residential-trash-and-recycling/recycle-fall-leaves/
/lgbt                                     301  /departments/office-of-lgbt-affairs/
/lgbt-pride-month                         301  /spotlight/lgbt-pride-month
/li-permit-tracker$                       301  /li-permit-tracker/
/li-permit-tracker/(.*)                   200  http://li-permit-tracker.s3-website-us-east-1.amazonaws.com/$1
/li/appointment                           301  /services/permits-violations-licenses/make-an-appointment-to-visit-the-li-permit-and-license-center/
/li/contractor-permit-lookup(.*)          200  http://li-vue-apps.s3-website-us-east-1.amazonaws.com/li/contractor-permit-lookup$1
/li/find-a-licensed-contractor(.*)        200  http://li-vue-apps.s3-website-us-east-1.amazonaws.com/li/find-a-licensed-contractor$1
/li/appeals-calendar$                     301  /li/appeals-calendar/
/li/appeals-calendar/(.*)                 200  http://appeals-app-all.s3-website-us-east-1.amazonaws.com/$1
/li/appeals-materials                     301  /documents/licenses-and-inspections-appeals-materials/
/li/codesandregulations/Pages/default.aspx  301  /departments/department-of-licenses-and-inspections/resources/applicable-codes/ 
/li/eclipse                               301  https://eclipse.phila.gov/
/li/pages/Appealscalendar.aspx            301  /li/appeals-calendar/
/li/pages/findlicensedprofessional.aspx   301  /li/find-a-licensed-contractor/
/li/Pages/FloodplainManagement.aspx       301  /services/permits-violations-licenses/apply-for-a-permit/building-and-repair/get-approval-for-construction-in-the-floodplain/
/li/pages/Licenses.aspx                   301  /departments/department-of-licenses-and-inspections/licenses/
/li/pages/PermitsCertificates.aspx        301  /departments/department-of-licenses-and-inspections/permits-and-certificates/
/li/pages/tenantlandlord.aspx             301  /services/property-lots-housing/buy-sell-or-rent-a-property/information-about-renting/rent-your-property/
/li/pages/Zoning.aspx                     301  /departments/department-of-licenses-and-inspections/permits-and-certificates/zoning-permits-and-approvals/
/li/pages/Appeals.aspx                    301  /departments/department-of-licenses-and-inspections/appeals/
/li/zoning-appeals                        301  /zba/appeals-calendar/
/li/zoningappeals                         301  /zba/appeals-calendar/
/licenses(andinspections)?                301  /departments/department-of-licenses-and-inspections/
/li/(.*)                                  301  /departments/department-of-licenses-and-inspections/
/licontact                                301  http://iframe.publicstuff.com/#?client_id=242&request_type_id=1013002
/lifeguards                               301  /services/working-jobs/find-a-job-or-internship/become-a-lifeguard/
/lirequest                                301  /li/pages/foodlicenseinspection.aspx
/lobbying                                 301  http://plis.cloudapp.net
/localcontrolsurvey                       301  /departments/mayor/share-what-you-want-in-your-schools/
/locke                                    301  /programs/community-schools/alain-locke-school/
/logan                                    301  /programs/community-schools/james-logan-elementary-school/
/loop(.*)                                 301  /services/payments-assistance-taxes/income-based-assistance-programs/longtime-owner-occupants-program/
/love-park                                301  /spotlight/spring-into-love-2020/
/mcaaa(.*)                                301  /departments/mayors-office-of-public-engagement/mayors-commission-on-asian-american-affairs/
/map                                      301  http://gsg.phila.gov/map
/maps/imageryviewer                       301  http://phl.maps.arcgis.com/apps/MapSeries/index.html?appid=a0378ae03f6d4b1c9a186c4cdc396894
/maps/vacancy                             301  http://phl.maps.arcgis.com/apps/webappviewer/index.html?id=64ac160773d04952bc17ad895cc00680
/marathonweekend                          301  https://phl.maps.arcgis.com/apps/MapJournal/index.html?appid=0ca57907cd62405ebada2b0d80658a65
/marketstreetscape                        301  http://potholes.phila.gov/marketstreetscape
/mayor                                    301  /departments/mayor/
/mayor-scheduling-page                    301  /departments/mayor/scheduling-request-form/
/mayor/(.*)                               301  /departments/mayor/$1
/mayor/faithbased                         301  /faithbased
/mayorsbudget                             301  /departments/mayor/do-you-support-the-budget-proposal
/mbec                                     301  /commerce/businesssupport/mwdsbesupport
/mcclure                                  301  /programs/community-schools/alexander-k-mcclure-school/
/mcpd(.*)                                 301  /departments/mayors-office-for-people-with-disabilities/
/mdo/specialevents/pages/permitsandapplications.aspx 301 http://www.phlevents.org/applications
/med-week                                 301  /spotlight/philadelphia-minority-enterprise-development-week-2020/
/media/20200406144703/Guidance-for-transport-of-patients-with-confirmed-or-suspected-COVID-19_4_6.pdf  301  /programs/coronavirus-disease-2019-covid-19/guidance/guidance-documents/
/media/20200529130239/Guidelines-for-Ride-Share-Taxis.pdf  301  /programs/coronavirus-disease-2019-covid-19/guidance/guidance-documents/
/media/20200529130248/Guidelines-for-Manufacturing-Warehouse-Operations.pdf  301  /programs/coronavirus-disease-2019-covid-19/guidance/guidance-documents/
/media/20200529130249/Guidelines-for-Landscape-Construction.pdf  301  /programs/coronavirus-disease-2019-covid-19/guidance/guidance-documents/
/media/20200529130251/Guidelines-for-Home-Health-Care.pdf  301  /programs/coronavirus-disease-2019-covid-19/guidance/guidance-documents/
/media/20200529130422/Guidelines-for-Restaurants-Mobile-Food-Vendors.pdf  301  /programs/coronavirus-disease-2019-covid-19/guidance/guidance-documents/
/media/20200529130426/Guidelines-for-Outpatient-Health-Care-Facilities.pdf  301  /programs/coronavirus-disease-2019-covid-19/guidance/guidance-documents/
/media/20200529130430/Guidelines-for-Hotels.pdf  301  /programs/coronavirus-disease-2019-covid-19/guidance/guidance-documents/
/media/20200529130509/Guidelines-for-Retail.pdf  301  /programs/coronavirus-disease-2019-covid-19/guidance/guidance-documents/
/media/20200529130513/Guidelines-for-Real-Estate-Rental-Leasing.pdf  301  /programs/coronavirus-disease-2019-covid-19/guidance/guidance-documents/
/media/20200529130515/Guidelines-for-Office-Workers.pdf  301  /programs/coronavirus-disease-2019-covid-19/guidance/guidance-documents/
/media/20200529131928/Guidelines-for-Religious-Institutions.pdf  301  /programs/coronavirus-disease-2019-covid-19/guidance/guidance-documents/
/media/20200529131930/Guidelines-for-Funerals.pdf  301  /programs/coronavirus-disease-2019-covid-19/guidance/guidance-documents/
/media/20200623214438/Guidelines-for-Social-Gatherings.pdf  301  /programs/coronavirus-disease-2019-covid-19/guidance/guidance-documents/
/media/20200623214940/Guidelines-for-Personal-Services.pdf  301  /programs/coronavirus-disease-2019-covid-19/guidance/guidance-documents/
/media/20200623222727/Guidelines-for-Indoor-Malls.pdf  301  /programs/coronavirus-disease-2019-covid-19/guidance/guidance-documents/
/media/20200623222926/Guidelines-for-Libraries.pdf  301  /programs/coronavirus-disease-2019-covid-19/guidance/guidance-documents/
/media/20200623223120/Guidelines-for-Outdoor-Performances-Events.pdf  301  /programs/coronavirus-disease-2019-covid-19/guidance/guidance-documents/
/media/20200630140051/Guidelines-for-Drive-In-Movies-Events.pdf  301  /programs/coronavirus-disease-2019-covid-19/guidance/guidance-documents/
/media/20200630140054/Guidelines-for-Home-Based-Support-Services.pdf  301  /programs/coronavirus-disease-2019-covid-19/guidance/guidance-documents/
/media/20200714100321/Guidelines-for-Home-Based-Construction-Maintenance.pdf  301  /programs/coronavirus-disease-2019-covid-19/guidance/guidance-documents/
/media/20200717102609/Guidelines-for-Gyms-Indoor-Exercise-Classes.pdf  301  /programs/coronavirus-disease-2019-covid-19/guidance/guidance-documents/
/media/20200728121943/Home-care-instructions-for-COVID-19-coronavirus_7_28.pdf  301  /programs/coronavirus-disease-2019-covid-19/guidance/guidance-documents/
/media/20200813092815/Guidelines-for-Colleges-Universities.pdf  301  /programs/coronavirus-disease-2019-covid-19/guidance/guidance-documents/
/media/20200901105513/Guidelines-for-Recreational-Activities-Sports.pdf  301  /programs/coronavirus-disease-2019-covid-19/guidance/guidance-documents/
/media/20201006111309/Recommendations-for-household-members-awaiting-test-results.pdf  301  /programs/coronavirus-disease-2019-covid-19/guidance/guidance-documents/
/media/20201020094207/Guidance-for-Wedding-Ceremonies.pdf  301  /programs/coronavirus-disease-2019-covid-19/guidance/guidance-documents/
/media/20201027112112/School-Safety-Drill-Guidance.pdf  301  /programs/coronavirus-disease-2019-covid-19/guidance/guidance-documents/
/media/20201112100019/Guidance-for-Holidays.pdf  301  /programs/coronavirus-disease-2019-covid-19/guidance/guidance-documents/
/media/20201118125433/Guidance-for-positive-test-1.pdf  301  /programs/coronavirus-disease-2019-covid-19/guidance/guidance-documents/
/mocs                                     301  /ceo
/mod                                      301  /departments/mayors-office-for-people-with-disabilities/
/mois                                     301  /it
/motu                                     301  http://www.phillyotis.com
/mrc                                      301  /programs/philadelphia-medical-reserve-corps-pmrc/
/mummers                                  301  https://phl.maps.arcgis.com/apps/MapJournal/index.html?appid=4a5872ec814b48cfb9e2eb6b5d3992dc
/news                                     301  /the-latest/
/news/mayor/affordable-housing-community-development-action-guide 301 /2017-12-11-proposed-department-of-housing-and-urban-development-hud-funding-cuts/
/news/mayor/lgbtq-protections-city-of-philadelphia-action-guide 301 /2017-12-04-philadelphias-lgbtq-protections/
/news/oem/excessive-heat-warning-declared-for-philadelphia-july-6th-9th 301 /news/oem/excessive-heat-declared-for-philadelphia-summer-2016/
/news/office-of-immigrant-affairs/immigration-sanctuary-cities-city-of-philadelphia-action-guide 301 /2018-01-08-immigration-policies/
/news/office-of-sustainability/environment-sustainability-city-of-philadelphia-action-guide 301 /2017-11-29-environmental-protection-during-the-trump-administration/
/nutritionstandards                       301  /documents/city-of-philadelphia-nutrition-standards/
/obme                                     301  /departments/mayors-office-of-black-male-engagement/
/oec                                      301  /programs/community-schools/overbrook-educational-center/
/oem/storm                               301  https://survey123.arcgis.com/share/1c6042d85fed420f9ed2d00b09ec2f1a?portalUrl=https://www.arcgis.com
/oem(.*)                                  301  /departments/emergency-management/
/oeo/directory                            301  /services/business-self-employment/find-a-minority-woman-or-disabled-owned-business/
/oeo                                      301  /departments/office-of-economic-opportunity/
/oew                                      301  /departments/office-of-engagement-for-women/
/departments/office-of-engagement-for-women(.*) 301 /departments/mayors-office-of-engagement-for-women$1
/departments/office-of-youth-engagement(.*) 301 /departments/mayors-office-of-youth-engagement$1
/departments/office-of-civic-engagement-and-volunteer-service(.*) 301 /departments/mayors-office-of-civic-engagement-and-volunteer-service$1
/ohcd(.*)                                 301  /departments/division-of-housing-and-community-development/
/oho                                      301  /hhs
/ohs(.*)                                  301  /departments/office-of-homeless-services/
/oia                                      301  /departments/office-of-immigrant-affairs/
/oia/resource-finder(.*)                  200  http://phila-resource-finder.s3-website-us-east-1.amazonaws.com/oia/resource-finder$1
/oig                                      301  /departments/office-of-the-inspector-general/
/oit                                      301  /it
/onephilly-claim-form                     301  https://phila.jotform.com/210747178026961
/oopa                                     301  /services/payments-assistance-taxes/payment-plans/owner-occupied-real-estate-tax-payment-agreement/
/OPA/Pages/PropertyInformation.aspx       301 /departments/office-of-property-assessment/
/OPA/AbatementsExemptions/Pages/Abatements.aspx 301  /services/property-lots-housing/property-taxes/get-real-estate-tax-relief/get-a-property-tax-abatement/
/OPA/AbatementsExemptions/Pages/NonProfits.aspx 301 /services/property-lots-housing/property-taxes/get-real-estate-tax-relief/get-a-nonprofit-real-estate-tax-exemption/
/services/property-lots-housing/property-taxes/get-real-estate-tax-relief/property-tax-exemptions/ 301 /departments/office-of-property-assessment/tax-exemptions-and-abatements/
/OPA/AbatementsExemptions/Pages/DisabledVeterans.aspx 301 /departments/office-of-property-assessment/tax-exemptions-and-abatements/
/OPA/AbatementsExemptions/Pages/CatastrophicLoss.aspx 301 /services/property-lots-housing/property-taxes/get-real-estate-tax-relief/get-a-real-estate-tax-adjustment-after-a-catastrophic-loss/
/OPA/Assessments/Pages/HowOPAAssessessProperty.aspx 301 /departments/office-of-property-assessment/property-assessments/ 
/OPA/Assessments/Pages/AssessmentData.aspx 301 /departments/office-of-property-assessment/property-assessments/ 
/OPA/Assessments/Pages/Appeals.aspx       301 /departments/office-of-property-assessment/property-assessments/ 
/OPA/Pages/FAQ.aspx                       301 /departments/office-of-property-assessment/faq/ 
/OPA/Pages/Glossary.aspx                  301 /departments/office-of-property-assessment/glossary/
/opa/abatementsexemptions/pages/homestead.aspx 301 /services/property-lots-housing/get-the-homestead-exemption/
/opa/search                               301  https://property.phila.gov
/opa(.*)                                  301  /departments/office-of-property-assessment/
/ops                                      301  /2020-02-12-heres-what-you-need-to-know-about-overdose-prevention-sites/
/opendata                                 301  /data
/openbudget                               301  https://data.phila.gov/visualizations/payments-aggregate/
/opioids?                                 301  /programs/combating-the-opioid-epidemic/
/osh(.*)                                  301  /departments/office-of-homeless-services/
/ost                                      301  /programs/out-of-school-time-ost/
/ost/program-locator$                     301  /ost/program-locator/
/ost/program-locator/(.*)                 200  http://ost-program-locator.s3-website-us-east-1.amazonaws.com/$1
/otis                                     301  http://www.phillyotis.com
/pac/meetings/Pages/default.aspx          301  /departments/police-advisory-commission/commission-meetings/
/pac/Pages/FileAComplaint.aspx            301  /services/crime-law-justice/file-a-complaint-against-a-philadelphia-police-officer/
/pac/aboutus/Pages/OfficerCommendation.aspx  301  /services/crime-law-justice/recommend-an-officer-for-commendation/
/pac(.*)                                  301  /departments/police-advisory-commission/
/pages/default.aspx                       301  /
/pages/privacy.aspx                       301  /privacypolicy/
/parcelexplorer                           301  http://web02.phila.gov/Records/ParcelExplorer
/parent-support                           301  /programs/parenting-education-and-support/
/parking                                  301  http://philapark.org/homeFlash.aspx
/parkingamnesty                           301  /programs/parking-amnesty
/parkside-traffic-safety                  301 /programs/parkside-avenue-traffic-safety-project/
/parks                                    301  /departments/philadelphia-parks-recreation/
/parks-rec-finder$                        301  /parks-rec-finder/
/parks-rec-finder/(.*)                    200  http://parks-rec-finder.s3-website-us-east-1.amazonaws.com/prod/$1
/parks-rec-finder/#/locations/sprinklers-spraygrounds  301  /parks-rec-finder/#/locations/sprinklers-and-spraygrounds/
/parksandrec/trails                       301  https://phl.maps.arcgis.com/apps/webappviewer/index.html?id=2e70012008fc409e9f34810f18102f01
/parksandrec                              301  /departments/philadelphia-parks-recreation/
/parksandrec/campphilly                   301  /programs/camp-philly/
/parksandrec/dogs                         301  /departments/philadelphia-parks-recreation/about/dog-regulations-and-best-practices/
/parksandrec/newsletter                   301  /departments/parks-recreation/
/parksandrecreation                       301  /departments/philadelphia-parks-recreation/
/parksandrecreation/dogs                  301  /departments/philadelphia-parks-recreation/about/dog-regulations-and-best-practices/
/parksandrecreation/findafacility         301  /parks-rec-finder/#/locations
/parksnrecnewsletter                      301  /departments/philadelphia-parks-recreation/#action-modal
/paving                                   301  https://www.philadelphiastreets.com/highways/paving/
/pay                                      301  https://epay.phila.gov/paymentcenter/accountlookup/
/pay-property-work                        301  /services/payments-assistance-taxes/debt-collection/pay-for-work-done-by-the-city-on-your-property/
/payment-agreement-letters                301  /documents/sample-payment-agreement-letters/
/payment-plans                            301  /services/payments-assistance-taxes/payment-plans/
/paymentplans                             301  /services/payments-assistance-taxes/payment-plans/set-up-a-payment-agreement-for-your-taxes/
/paymentagreements                        301  /services/payments-assistance-taxes/payment-plans/set-up-a-payment-agreement-for-your-taxes/
/payment-agreements                       301  /services/payments-assistance-taxes/payment-plans/set-up-a-payment-agreement-for-your-taxes/
/pchr                                     301  /humanrelations
/performance                              301  /mdo/phillystat
/philacode/?.*                            301  http://www.amlegal.com/codes/client/philadelphia_pa/
/philareads(.*)                           301  https://www.philareads.org/              
/phillyid/pages/default.aspx              301  /programs/phl-city-id/
/phillycounts                             301  /programs/philly-counts-2020/
/philly-counts                            301  /programs/philly-counts-2020/
/phillydelivers                           301  /departments/mayor/help-make-sure-phillydelivers-for-amazon/
/phillyrising(.*)                         301  https://www.serve.phila.gov
/phillystat                               301  /mdo/phillystat
/PHLConnectED                             301  /programs/phlconnected/
/phldonatetech                            301  /2020-12-07-phldonatetech-providing-computers-to-families-and-residents-in-need/
/PHLgovTV                                 301  /departments/office-of-innovation-and-technology/phlgovtv/
/phl-tcb                                  301  /programs/phl-taking-care-of-business/
/plan-develop                             301  /departments/department-of-planning-and-development/
/phlcityid                                301  /programs/phl-city-id/
/phlimmigrantbiz                          301  /posts/office-of-immigrant-affairs/2017-03-09-immigrant-business-week-2017-march-27-april-1/
/phonedir$                                301  /departments/
/plastic-bag-ban                          301  /programs/plastic-bag-ban/
/play-it-safe-PHL                         301 /2020-05-21-summer-2020-update/
/playitsafePHL                            301 /2020-05-21-summer-2020-update/
/police                                   301  http://www.phillypolice.com/
/policeovertime                           301  https://phl.secure.force.com/ROWS/
/pools                                    301  /parks-rec-finder/#/locations/swimming-pools
/porous-pave                              301  http://www.stormwaterpa.org/percy-street-goes-green.html?key=0
/porous-play                              301  http://stormwaterpa.org/greener,-healthier-play-herron-playground.html?key=0
/posts                                    301  /the-latest/archives/?template=post
/posts/mayor/2017-03-27-affordable-housing-community-development-action-guide 301 /2017-12-11-proposed-department-of-housing-and-urban-development-hud-funding-cuts/
/posts/oem/2016-07-06-excessive-heat-warning-declared-for-philadelphia-july-6th-9th 301 /news/oem/excessive-heat-declared-for-philadelphia-summer-2016/
/posts/office-of-immigrant-affairs/2017-02-24-immigration-sanctuary-cities-city-of-philadelphia-action-guide 301 /2018-01-08-immigration-policies/
/posts/office-of-lgbt-affairs/2017-05-04-lgbtq-protections-city-of-philadelphia-action-guide 301 /2017-12-04-philadelphias-lgbtq-protections/
/posts/office-of-sustainability/2017-03-28-environment-sustainability-city-of-philadelphia-action-guide 301 /2017-11-29-environmental-protection-during-the-trump-administration/
/potholes                                 301  http://www.philadelphiastreets.com
/ppdcommissioner(.*)                      301  /departments/mayor/philadelphia-police-commissioner-public-input-survey/ 
/ppedonation                              301  https://veoci.com/veoci/p/form/pauqjjhrzsw8
/ppe-donation                             301  https://veoci.com/veoci/p/form/pauqjjhrzsw8
/ppebids                                  301  https://veoci.com/veoci/p/form/8nzuw5ffjc3s#tab=entryForm
/ppe-bids                                 301  https://veoci.com/veoci/p/form/8nzuw5ffjc3s#tab=entryForm
/ppr                                      301  /departments/philadelphia-parks-recreation/
/ppr/summer-jobs                          301  /programs/parks-rec-summer-youth-employment-program/
/ppr/tree-plan                            301  /programs/philly-tree-plan/
/parksandrecreation/(.*)                  301  /departments/philadelphia-parks-recreation/
/pra/?.*                                  301  http://www.philadelphiaredevelopmentauthority.org
/prepare-for-an-emergency                 301  /services/safety-emergency-preparedness/prepare-for-an-emergency/
/press-releases                           301  /the-latest/archives/?template=press_release
/prisons/inmatelocator/?(.*)              301  https://inmate-locator.phila.gov/ 
/prisons/Facilities/Pages/default.aspx    301 /departments/philadelphia-department-of-prisons/about/facilities/
/prisons/inmatesupport/Pages/default.aspx 301 /services/crime-law-justice/inmates/visit-an-inmate/
/prisons/inmatesupport/Pages/VisitingInformation.aspx 301 /services/crime-law-justice/inmates/visit-an-inmate/
/prisons/inmatesupport/Pages/inmateaccess.aspx 301 /services/crime-law-justice/inmates/visit-an-inmate/
/prisons/aboutus/Pages/StaffDirectory.aspx 301 /departments/philadelphia-department-of-prisons/about/staff/
/prisons/aboutus/Pages/ExecutiveStaff.aspx 301 /departments/philadelphia-department-of-prisons/about/staff/
/prisons/PDF/census.pdf                   301  /documents/philadelphia-prisons-daily-census/
/prisons(.*)                              301  /departments/philadelphia-department-of-prisons/
/privacy/                                 301  /privacypolicy/
/privacy/index.html                       301  /privacypolicy/
/procurement/LBP/Pages/default.aspx       301  /departments/procurement-department/local-preference/
/procurement/aboutus/Pages/PHLContractsFAQ.aspx 301 /departments/procurement-department/resources/
/procurement/Documents/Consent_Authorization.pdf 301 /documents/procurement-contract-forms/
/procurement/Documents/SA_Vendor_Registration.pdf 301 /documents/procurement-contract-forms/
/procurement/Documents/Seller_Guide_for_Creating_and_Editing_Quotes.pdf 301 /documents/phlcontracts-user-guides/
/procurement/Documents/City%20of%20Philadelphia%20Local%20Business%20Entity%20Listing.pdf 301 /documents/local-business-entity-information/
/procurement(.*)                          301 /departments/procurement-department/
/pro-ems                                  301 /departments/philadelphia-regional-office-of-emergency-medical-service/
/proems                                   301 /departments/philadelphia-regional-office-of-emergency-medical-service/
/programs                                 301  /programs-initiatives/
/programs/covid-19-recovery-office/       301 /departments/covid-19-recovery-office/ 
/programs/coronavirus-disease-2019-covid-19/translations  301  /programs/coronavirus-disease-2019-covid-19/multi-language-resources/
/programs/coronavirus-disease-2019-covid-19/the-citys-response/monitoring-and-testing  301  /programs/coronavirus-disease-2019-covid-19/testing-and-data/
/programs/coronavirus-disease-2019-covid-19/the-workplace  301  /programs/coronavirus-disease-2019-covid-19/support-for-the-community/information-for-businesses/
/programs/coronavirus-disease-2019-covid-19/the-citys-response  301  /programs/coronavirus-disease-2019-covid-19/
/programs/coronavirus-disease-2019-covid-19/the-citys-response/services-and-support 301 /programs/coronavirus-disease-2019-covid-19/support-for-the-community/
/programs/coronavirus-disease-2019-covid-19/guidance/health-care-providers  301  /programs/coronavirus-disease-2019-covid-19/support-for-the-community/information-for-health-care-providers/
/programs/coronavirus-disease-2019-covid-19/multi-language-resources/covid-19-coronavirus-resources-in-english/ 301 /programs/coronavirus-disease-2019-covid-19/guidance/guidance-documents/ 
/programs/coronavirus-disease-2019-covid-19/support-for-the-community/information-for-workers/  301  /programs/coronavirus-disease-2019-covid-19/support-for-the-community/support-for-residents/
/programs/coronavirus-disease-2019-covid-19/support-for-the-community/services-and-support-for-residents/  301  /programs/coronavirus-disease-2019-covid-19/support-for-the-community/support-for-residents/
/programs/combating-the-opioid-epidemic/the-citys-response/the-philadelphia-resilience-project 301 /programs/philadelphia-resilience-project
/programs/combating-the-opioid-epidemic/the-citys-response/the-philadelphia-resilience-project/support-the-philadelphia-resilience-project 301 /programs/philadelphia-resilience-project/support-the-philadelphia-resilience-project
/programs/coronavirus-disease-2019-covid-19/guidance/about-covid-19/ 301 /programs/coronavirus-disease-2019-covid-19/guidance/faq/
/programs/coronavirus-disease-2019-covid-19/guidance/how-to-stay-safe/ 301 /programs/coronavirus-disease-2019-covid-19/guidance/faq/#staying-safe
/programs/coronavirus-disease-2019-covid-19/guidance/signs-and-symptoms/ 301 /programs/coronavirus-disease-2019-covid-19/guidance/faq/#about-covid-19/
/programs/coronavirus-disease-2019-covid-19/guidance/getting-tested-for-covid-19/ 301 /programs/coronavirus-disease-2019-covid-19/guidance/faq/#getting-tested
/programs/coronavirus-disease-2019-covid-19/guidance/children-and-pregnancy/ 301 /programs/coronavirus-disease-2019-covid-19/guidance/faq/#children-and-families
/programs/coronavirus-disease-2019-covid-19/support-for-the-community/services-and-support-for-residents/covid-19-food-distribution-sites  301   /programs/coronavirus-disease-2019-covid-19/updates/how-you-can-help/services-and-support-for-residents/covid-19-food-distribution-sites/
/programs/coronavirus-disease-2019-covid-19/testing-and-data  301  /programs/coronavirus-disease-2019-covid-19/data/testing/
/programs/coronavirus-disease-2019-covid-19/vaccines/data  301  /programs/coronavirus-disease-2019-covid-19/data/vaccine/
/programs/coronavirus-disease-2019-covid-19/guidance/faq?(.*) 301  /programs/coronavirus-disease-2019-covid-19/faq$1
/programs/coronavirus-disease-2019-covid-19/vaccines/covid-19-vaccine-documents  301  /programs/coronavirus-disease-2019-covid-19/vaccines/vaccine-distribution/
/programs/e3-power-centers/               301  /programs/e3-services/
/programs/education-and-childcare-services/(.*) 301 /programs/education-support-center/$1
/programs/energy-benchmarking/            301  http://www.phillybuildingbenchmarking.com/
/programs/rebuild/programs                301  /programs/rebuild/for-businesses/
/programs/startup-phl                     301  http://startupphl.com/
/programs/stemcityphl                     301  http://www.stemcityphl.org/
/programs/workready-at-parks-rec          301  /programs/parks-rec-summer-youth-employment-program/
/property                                 301  https://property.phila.gov
/property/aboutus(.*)                     301  /departments/department-of-public-property/
/property/capital(.*)                     301  /departments/department-of-public-property/	
/property/realestate(.*)                  301  /departments/department-of-public-property/
/property/facilities(.*)                  301  /departments/department-of-public-property/
/property/Pages/default.aspx	            301  /departments/department-of-public-property/
/property-assessments                     301  /services/property-lots-housing/
/property-tax-balance                     301  /services/property-lots-housing/property-taxes/look-up-your-property-tax-balance/
/property-taxes                           301  /services/property-lots-housing/property-taxes/real-estate-tax/
/property-taxes/real-estate-tax           301  /services/property-lots-housing/property-taxes/real-estate-tax/
/property-taxes/realty-transfer-tax       301  /services/property-lots-housing/property-taxes/realty-transfer-tax/
/property/data$                           301  /property/data/
/property/data/(.*)                       200  https://cityofphiladelphia.github.io/property-download/$1
/publicart                                301  http://creativephl.org/tagged/Public-Art/
/quality-pre-k                            301  /programs/quality-pre-k/
/qualityoflife                            301  /clip
/qualityprek                              301  /departments/mayors-office-of-education/quality-pre-k-newsletter-signup/
/rain-garden                              301  http://stormwaterpa.org/raingarden.html?key=0
/rconotification$                         301  /rconotification/
/rconotification/(.*)                     200  http://planning-rco-notification-map.s3-website-us-east-1.amazonaws.com/$1
/rda                                      301  /pra
/re-notification-letter                   301  /documents/risk-of-foreclosure-notification-letter/
/ready                                    301  /departments/oem/
/readyemployee                            301  https://member.everbridge.net/892807736722946/login
/real-estate-relief                       301  /services/payments-assistance-taxes/get-real-estate-tax-relief/
/reasonable-modification                  301  /services/diversity-inclusion-accessibility-immigration/submit-a-reasonable-modification-request/
/rebuild/careers                          301  /programs/rebuild/careers/
/recovery                                 301  /programs/covid-19-recovery-office/
/recoverPHL                               301  /programs/covid-19-recovery-office/
/recoveryPHL                              301  /programs/covid-19-recovery-office/
/recreation                               301  /departments/philadelphia-parks-recreation/
/recycle                                  301  http://www.philadelphiastreets.com/sanitation/residential/
/recycling                                301  /programs/recycling-program/
/recycling-donation-finder$               301  /recycling-donation-finder/
/recycling-donation-finder/(.*)           200  http://phila-resource-finder.s3-website-us-east-1.amazonaws.com/recycling/prod/$1
/reentry                                  301  /departments/office-of-reentry-partnerships/
/refinery                                 301  /programs/refinery-advisory-group/
/reforming-philadelphia                   301  /programs/philadelphia-reforms/
/regionalems(.*)                          301  /departments/philadelphia-regional-office-of-emergency-medical-service/
/reformingphiladelphia                    301  /programs/philadelphia-reforms/
/regulations-rulings/(.*)                 301  /services/payments-assistance-taxes/regulations-rulings/
/rental-assistance                        301  /services/payments-assistance-taxes/income-based-assistance-programs/get-help-if-you-are-at-risk-of-being-evicted/
/reopen                                   301  /programs/coronavirus-disease-2019-covid-19/guidance/guidance-documents/
/reopening                                301  /programs/coronavirus-disease-2019-covid-19/guidance/guidance-documents/
/reopening-with-care                      301  /programs/coronavirus-disease-2019-covid-19/guidance/guidance-documents/
/reportarson                              301  http://phl.maps.arcgis.com/apps/GeoForm/index.html?appid=f616bfd4091842d694af0aff9983bd24
/reports/index.html                       301  /programs/open-data-program/
/reports/(.*)                             301  /department-of-revenue/reports/
/residents(.*)                            301  /services/
/resilientPHL                             301  /programs/philadelphia-resilience-project/
/revenue/active-duty-tax-credit           301  /services/payments-assistance-taxes/tax-credits/active-duty-tax-credit/
/revenue/birt-regs                        301  /documents/business-income-receipts-tax-birt-regulations/
/revenue/birt                             301  /services/payments-assistance-taxes/business-taxes/business-income-receipts-tax-birt/
/revenue/businesses/taxes/pages/amusementtax.aspx 301 /services/payments-assistance-taxes/business-taxes/amusement-tax/
/revenue/businesses/taxes/pages/birt.aspx 301  /services/payments-assistance-taxes/business-taxes/business-income-receipts-tax-birt/
/revenue/businesses/taxes/Pages/hoteltax.aspx 301 /services/payments-assistance-taxes/business-taxes/hotel-tax/
/revenue/businesses/(.*)                  301  /services/payments-assistance-taxes/business-taxes/
/revenue/delinquency-reports              301  /documents/tax-delinquency-trend-action-reports/
/revenue/eft-ach                          301  /services/payments-assistance-taxes/paying-city-taxes/electronic-funds-transfer-eft/
/revenue/eitc                             301  /documents/earned-income-tax-credit-eitc-employer-notice/
/revenue/income-refund                    301  /departments/department-of-revenue/our-services/tax-services/online-income-based-wage-tax-refund-petition/
/revenue/installment-plan                 301  /services/payments-assistance-taxes/payment-plans/real-estate-tax-installment-plan/
/revenue/job-creation-tax-credit          301  /services/payments-assistance-taxes/tax-credits/job-creation-tax-credit/ 
/revenue/mef                              301  /services/payments-assistance-taxes/paying-city-taxes/e-filing-city-taxes/
/revenue/payoff-request-form              301  /documents/bill-certification-and-payoff-request-form/
/revenue/pbt                              301  /services/payments-assistance-taxes/business-taxes/philadelphia-beverage-tax/
/revenue/pbt-instructions                 301  /documents/philadelphia-beverage-tax-pbt-filing-instructions/
/revenue/realestatetax$                   301  /revenue/realestatetax/
/revenue/realestatetax/(.*)               200  http://realestatetax.s3-website-us-east-1.amazonaws.com/$1
/revenue/tax-forms                        301  /services/payments-assistance-taxes/tax-forms-instructions/
/revenue/taxpro/pages/refundpetitions.aspx 301 /documents/income-based-wage-tax-refund-petition/
/revenue/use-occupancy                    301  /services/payments-assistance-taxes/business-taxes/use-occupancy-tax/
/revenue/wage-tax-petition                301  /documents/income-based-wage-tax-refund-petition/
/revenue/payment-appointment              301  /services/payments-assistance-taxes/paying-city-taxes/make-an-appointment-to-pay-city-taxes-or-a-water-bill-in-person/
/revenue/homestead-percent-form           301  https://form.jotform.com/202933990588065 
/revenue(.*)                              301  /departments/department-of-revenue/
/rgrp                                     301  /2021-01-22-philadelphia-covid-19-restaurant-and-gym-relief-program/
/rfp(.*)                                  301  https://contracts.phila.gov
/rise/employer/pages/banthebox.aspx       301  /humanrelations/pages/default.aspx
/rise(.*)                                 301  /departments/office-of-reentry-partnerships/
/risk                                     301  /finance/units-RiskManagement.html
/rows                                     301  https://phl.my.salesforce.com
/saferathome                              301  /programs/coronavirus-disease-2019-covid-19/guidance/guidance-documents/
/safer-at-home                            301  /programs/coronavirus-disease-2019-covid-19/guidance/guidance-documents/
/safetyandjustice(.*)                     301  /programs/philadelphia-safety-and-justice-challenge/
/safe-routes-philly                       301  /programs/safe-routes-philly/
/school-income-tax                        301  /services/payments-assistance-taxes/income-taxes/school-income-tax/
/senior-freeze                            301  /services/payments-assistance-taxes/senior-citizen-discounts/low-income-senior-citizen-real-estate-tax-freeze/
/sera                                     301  https://philadelphia.maps.arcgis.com/apps/webappviewer/index.html?id=8a2a28d8b6be43048c6aa266b812e003
/services/                                301  /service-directory/
/service/water-bills                      301  /services/water-gas-utilities/pay-or-dispute-a-water-bill/pay-a-water-bill/
/services/birth-marriage-life-events/foster-or-adopt 301 /services/birth-marriage-life-events/adopt-a-child/
/services/business-self-employment/for-vendors/do-business-with-the-city/  301  /services/business-self-employment/bidding-on-a-city-contract/do-business-with-the-city/
/services/crime-law-justice/find-an-inmate/  301  /services/crime-law-justice/inmates/find-an-inmate/
/services/crime-law-justice/inmates/visit-a-person-in-jail-or-prison/  301 /services/crime-law-justice/inmates/visit-an-inmate/
/services/crime-law-justice/inmates/send-mail-to-someone-in-jail-or-prison/ 301 /services/crime-law-justice/inmates/contact-an-inmate-by-mail/
/services/crime-law-justice/inmates/find-an-inmate/ 301 /services/crime-law-justice/inmates/locate-an-inmate/
/services/diversity-inclusion-immigration/?(.*) 301 /services/diversity-inclusion-accessibility-immigration/$1
/services/mental-physical-health/environmental-health-hazards/covid-19/could-i-have-covid-19  301  /programs/coronavirus-disease-2019-covid-19/guidance/signs-and-symptoms/
/services/mental-physical-health/environmental-health-hazards/covid-19/covid-19-and-children  301  /programs/coronavirus-disease-2019-covid-19/guidance/children-and-pregnancy/
/services/mental-physical-health/environmental-health-hazards/covid-19/covid-19-and-pregnancy  301  /programs/coronavirus-disease-2019-covid-19/guidance/children-and-pregnancy/
/services/mental-physical-health/environmental-health-hazards/covid-19/covid-19-urgent-care-and-health-centers  301 /programs/coronavirus-disease-2019-covid-19/covid-19-urgent-care-and-health-centers/
/services/mental-physical-health/environmental-health-hazards/covid-19/information-for-health-care-providers  301  /programs/coronavirus-disease-2019-covid-19/guidance/health-care-providers/
/services/mental-physical-health/environmental-health-hazards/covid-19/overview  301  /programs/coronavirus-disease-2019-covid-19/guidance/about-covid-19/
/services/mental-physical-health/environmental-health-hazards/covid-19  301  /programs/coronavirus-disease-2019-covid-19/
/services/mental-physical-health/environmental-health-hazards/covid-19/planning-guidance-for-businesses-and-nonprofit-organizations  301  /programs/coronavirus-disease-2019-covid-19/interim-planning-guidance/
/services/mental-physical-health/environmental-health-hazards/covid-19/what-the-city-is-doing  301  /programs/coronavirus-disease-2019-covid-19/the-citys-response/
/services/mental-physical-health/environmental-health-hazards/covid-19/what-you-can-do/  301  /programs/coronavirus-disease-2019-covid-19/guidance/health-and-preparedness/
/services/mental-physical-health/environmental-health-hazards/covid-19/whats-new/  301  /programs/coronavirus-disease-2019-covid-19/updates/
/services/mental-physical-health/sexual-health-and-family-planning/get-free-condoms/ 301 /services/mental-physical-health/sexual-health-and-family-planning/hiv-prevention-testing-and-treatment/get-free-condoms/
/services/permits-violations-licenses/environmental-permits-and-approvals/?(.*)  301  /services/permits-violations-licenses/apply-for-a-permit/environmental-permits-and-approvals/$1
/services/permits-violations-licenses/get-a-license/find-out-what-license-you-need-for-your-business/  301  /services/permits-violations-licenses/get-a-license/business-licenses-permits-and-approvals/
/services/permits-violations-licenses/get-a-permit-to-use-a-philadelphia-parks-recreation-space/ 301 /services/permits-violations-licenses/apply-for-a-permit/get-a-permit-to-use-a-philadelphia-parks-recreation-space/reserve-a-parks-recreation-facility/
/services/permits-violations-licenses/business-licenses-permits-and-approvals/?(.*)  301  /services/permits-violations-licenses/get-a-license/business-licenses-permits-and-approvals/$1
/services/permits-violations-licenses/build-rent-or-sell-a-property/?(.*)  301  /services/permits-violations-licenses/rent-or-sell-property/$1
/services/property-lots-housing/get-the-homestead-exemption/ 301 /services/property-lots-housing/property-taxes/get-real-estate-tax-relief/get-the-homestead-exemption/
/services/property-lots-housing/get-real-estate-tax-relief/get-the-homestead-exemption/ 301 /services/property-lots-housing/property-taxes/get-real-estate-tax-relief/get-the-homestead-exemption/
/services/safety-emergency-preparedness/find-a-fire-station/ 301 /services/safety-emergency-preparedness/fire-safety/find-a-fire-station/
/services/safety-emergency-preparedness/get-a-smoke-alarm-installed/ 301 /services/safety-emergency-preparedness/fire-safety/get-a-smoke-alarm-installed/
/services/safety-emergency-preparedness/human-caused-hazards/utility-interruption/ 301 /services/safety-emergency-preparedness/after-an-emergency/utility-interruption/
/services/safety-emergency-preparedness/report-a-possible-fire-code-violation/ 301 /services/safety-emergency-preparedness/fire-safety/report-a-possible-fire-code-violation/
/services/streets-sidewalks-alleys/get-a-construction-dumpster-license/  301  /services/permits-violations-licenses/get-a-license/business-licenses-permits-and-approvals/dumpsters/get-a-construction-dumpster-license/
/services/streets-sidewalks-alleys/get-a-dumpster-license-private-or-right-of-way/  301 /services/permits-violations-licenses/get-a-license/business-licenses-permits-and-approvals/dumpsters/get-a-dumpster-license-private-or-right-of-way/
/services/streets-sidewalks-alleys/street-closures/plan-a-block-party/  301  /services/streets-sidewalks-alleys/street-closures/apply-to-hold-a-block-party-or-street-event/
/services/trash-recycling-city-upkeep/residential-trash-and-recycling/dispose-of-christmas-trees-leaves-or-pumpkins/  301  /services/trash-recycling-city-upkeep/residential-trash-and-recycling/dispose-of-christmas-trees/
/services/water-gas-utilities/pay-a-water-bill/ 301 /services/water-gas-utilities/pay-or-dispute-a-water-bill/pay-a-water-bill/
/services/water-gas-utilities/dispute-a-water-bill/ 301 /services/water-gas-utilities/pay-or-dispute-a-water-bill/dispute-a-water-bill/
/services/water-gas-utilities/water-sewer-services/become-a-water-customer/ 301 /services/water-gas-utilities/become-a-water-customer/
/services/water-gas-utilities/water-bill-customer-assistance/ 301 /services/water-gas-utilities/pay-or-dispute-a-water-bill/water-bill-customer-assistance/
/services/working-jobs/become-a-lifeguard/ 301 /services/working-jobs/find-a-job-or-internship/become-a-lifeguard/
/services/working-jobs/nominate-someone-for-a-mayors-day-of-service-recognition-award/ 301 /services/culture-recreation/volunteer/nominate-someone-for-a-mayors-day-of-service-recognition-award/
/services/business-self-employment/for-vendors/	301 /services/business-self-employment/bidding-on-a-city-contract/
/services/business-self-employment/bid-on-a-supplies-equipment-and-non-professional-services-contract/	301 /services/business-self-employment/bidding-on-a-city-contract/bid-on-a-supplies-equipment-and-non-professional-services-contract/
/services/business-self-employment/bid-on-a-public-works-contract/	301 /services/business-self-employment/bidding-on-a-city-contract/bid-on-a-public-works-contract/
/services/business-self-employment/for-vendors/do-business-with-the-city/	301 /services/business-self-employment/bidding-on-a-city-contract/do-business-with-the-city/
/services/business-self-employment/for-vendors/register-as-a-minority-woman-or-disabled-owned-business/	301 /services/business-self-employment/bidding-on-a-city-contract/register-as-a-minority-woman-or-disabled-owned-business/
/services/business-self-employment/for-vendors/vendor-payments-status/	301 /services/business-self-employment/bidding-on-a-city-contract/vendor-payments-status/
/services/business-self-employment/get-certified-as-a-local-business-entity/	301 /services/business-self-employment/bidding-on-a-city-contract/get-certified-as-a-local-business-entity/
/services/trash-recycling-city-upkeep/trash-recycling-pickup-schedules/ 301 /services/trash-recycling-city-upkeep/find-your-trash-and-recycling-collection-day/
/services/permits-violations-licenses/get-a-license/business-licenses-permits-and-approvals/food-businesses/register-for-temporary-outdoor-dining/ 301 /services/permits-violations-licenses/get-a-license/business-licenses-permits-and-approvals/food-businesses/get-a-temporary-sidewalk-cafe-streetery-license/
/servicedesignstudio 301 /departments/office-of-the-chief-administrative-officer/service-design-studio/ 
/service-design-studio 301 /departments/office-of-the-chief-administrative-officer/service-design-studio/ 
/smartchoice/?$                           301  /departments/department-of-commerce/about-us/divisions/office-of-business-development/
/solarmap                                 301  https://phl.maps.arcgis.com/apps/MapSeries/index.html?appid=c1a5d30acec04aec8c4acfa4cc60a311
/solarproject                             301  /2020-02-03-here-is-your-chance-to-name-phillys-solar-project/
/solar-rebate                             301  /programs/solar-rebate-program/
/southwark                                301  /programs/community-schools/southwark-school/
/specialeventpayment                      301  https://www.officialpayments.com/pc_entry_cobrand.jsp?productId=149845250351954021456528662661337179 
/specialeventapplication                  301  https://www.officialpayments.com/pc_entry_cobrand.jsp?productId=149845250351954021456528724669927515
/sphs                                     301  /programs/community-schools/south-philadelphia-high-school/
/spotlight                                301  /the-latest
/spotlight/love-park                      301  /spotlight/christmas-village-in-love-park-2019/
/stormwater-planter                       301  http://www.stormwaterpa.org/creating-community-columbus-square-park.html?key=1
/stormwater-tools                         301  http://stormwaterpa.org/green-city,-clean-waters.html?key=0
/stormwater-tree                          301  http://www.stormwaterpa.org/soak-it-up-stormwater-trees.html?key=0
/streets                                  301  /departments/department-of-streets/
/streets/backfill                         301  https://secure.phila.gov/streets/backfill/
/streets/crplan                           301  https://secure.phila.gov/streets/commrecycling/
/streets/recycling                        301  /programs/recycling-program/
/stressmap                                301  https://phl.maps.arcgis.com/apps/MapSeries/index.html?appid=47afd9a9dcfa4637a2f88024d1c210b4
/streetspermit                            301  https://stsweb.phila.gov/permitphl
/sUAS-commercial-form                     301  https://veoci.com/veoci/p/form/2ftf44vkr7b3
/support                                  301  /2019-06-27-support-and-resources-for-pes-and-hahnemann-employees/
/sustainability                           301  /departments/office-of-sustainability/
/swgrants?                                301  /water/wu/stormwater/Pages/Grants.aspx
/tax-change                               301  /documents/tax-account-change-form
/tax-credits/keystone-opportunity-zone-tax-credit-koz 301 /services/payments-assistance-taxes/tax-credits/keystone-opportunity-zone-tax-credit/
/tax-credits/life-partner-transgender-care-health-benefits-tax-credit 301 /services/payments-assistance-taxes/tax-credits/life-partner-transgender-care-health-benefits-tax-credits/
/tax-credits/sustainable-business-tax-credit 301 /services/payments-assistance-taxes/tax-credits/sustainable-business-tax-credit/
/tax-credits/veterans-employment-tax-credit 301 /services/payments-assistance-taxes/tax-credits/veterans-employment-tax-credit/
/tax-refunds                              301  /services/payments-assistance-taxes/
/tax-refunds/request-a-refund             301  /services/payments-assistance-taxes/refunds/
/testing                                  301  /covid-testing-sites/
/theoval                                  301  http://www.theovalphl.org/
/the-latest/archive$                      301  /the-latest/archives/
/the-latest/archive/(.*)                  301  /the-latest/archives/$1
/tilden                                   301  /programs/community-schools/tilden-middle-school/
/tos/index.html                           301  /terms-of-use/
/tos/(.*)                                 301  /
/towing                                   301  /programs/philadelphias-rotational-towing-program/
/townwatch/services.htm(l)?               301  /townwatch
/transitionreport                         301  /documents/transition-report/
/trashday(.*)                             301  /services/trash-recycling-city-upkeep/residential-trash-and-recycling/find-your-trash-and-recycling-collection-day/
/trb/petition                             301  /documents/tax-appeal-petition-form/
/trb/pages/default.aspx                   301  /departments/tax-review-board/
/trb-appeal                               301  https://form.jotform.com/philagov/petition-for-tax-appeal
/tree-trench                              301  http://www.stormwaterpa.org/keeping-water-on-site-waterview-recreation-center.html?key=0
/uas                                      301  https://phl.maps.arcgis.com/apps/MapJournal/index.html?appid=d93906e2068e4eaa9c0e505287b959e2
/unitycup                                 301  http://unitycup.phila.gov
/universalprek(.*)                        301  /programs/quality-pre-k/
/vaccineinterest                          301  https://covid-vaccine-interest.phila.gov/
/vaccine-interest                         301  https://covid-vaccine-interest.phila.gov/
/vacancymap                               301  http://phl.maps.arcgis.com/apps/webappviewer/index.html?id=64ac160773d04952bc17ad895cc00680
/vendorpayments/?$                        301  https://secure.phila.gov/finance/vendorpayments/
/veterans                                 301  http://www.phlveterans.com/
/2020-09-29-vote-early-at-one-of-these-satellite-election-offices  301  /2020-09-29-visit-a-satellite-election-office-today/
/violenceprevention                       301  /departments/office-of-violence-prevention/
/violence-prevention                      301  /departments/office-of-violence-prevention/
/visionzero                               301  http://phl.maps.arcgis.com/apps/CrowdsourceReporter/index.html?appid=0b7432f7e6734795b1e09721eba506c1
/visitors                                 301  http://www.visitphilly.com
/volunteer                                301  https://www.serve.phila.gov
/vote-by-mail                             301  /2020-09-08-general-election-mail-in-ballot-guide-for-philadelphia-voters/
/voting(.*)                               301  /2020-11-02-an-open-letter-to-philadelphians-about-our-citys-election/
/warningletter                            301  /documents/warning-of-risk-of-tax-foreclosure/
/waterbill                                301  https://secure8.i-doxs.net/CityOfPhiladelphiaWRB/SignIn.aspx
/water-bill                               301  https://secure8.i-doxs.net/CityOfPhiladelphiaWRB/SignIn.aspx
/water-bill-help                          301  /services/water-gas-utilities/pay-or-dispute-a-water-bill/water-bill-customer-assistance/
/water-pipe-meter-maintenance/customer-responsibilities 301 /services/water-gas-utilities/water-pipe-meter-maintenance/customer-responsibilities/
/water-pipe-meter-maintenance/water-meters 301 /services/water-gas-utilities/water-pipe-meter-maintenance/water-meters/
/water-shutoffs                           301  /services/water-gas-utilities/water-shutoffs/
/water-shutoffs/reasons-for-water-shutoffs 301 /services/water-gas-utilities/water-shutoffs/reasons-for-water-shutoff/
/water/2014waterquality                   301  /water/pdf/2014waterquality.pdf
/water/billhelp                           301  /water/educationoutreach/customerassistance/pages/default.aspx
/water/bpp                                301  /water/pdf/bppsummary-8-2015.pdf
/water/ccc.html                           301  /water/wu/drinkingwater/pages/crossconnectioncontrol.aspx
/water/helploan                           301  /programs/homeowners-emergency-loan-program-help/
/water/iwu.html                           301  /water/wu/wastewater/pages/industrialwaste.aspx
/water/lcrsurvey                          301  /water/wu/drinkingwater/lead/Pages/LCR-survey.aspx
/water/lead                               301  /water/wu/drinkingwater/lead/Pages/default.aspx
/water/notifications                      301  /water/aboutus/pages/notifications.aspx
/water/pages/                             301  /water/pages/default.aspx
/water/rateboard                          301  /departments/water-sewer-storm-water-rate-board/
/water/rates                              301  /water/wu/ratesregulationsresp/pages/rates.aspx
/water/regulations                        301  /water/wu/ratesregulationsresp/pages/regulations.aspx
/water/replacelsl                         301  /water/wu/drinkingwater/lead/Pages/ImportantLSLinfo.aspx
/water/stormwater_billing.html            301  /water/wu/stormwater/Pages/default.aspx
/water/swmap                              301  https://stormwater.phila.gov/parcelviewer
/waterbillhelp                            301  /services/water-gas-utilities/pay-or-dispute-a-water-bill/water-bill-customer-assistance/
/waterrev(.*)                             301  /departments/department-of-revenue/our-services/water-revenue/
/webster                                  301  /programs/community-schools/john-h-webster-school/
/welcomeamerica                           301  http://phl.maps.arcgis.com/apps/MapJour/index.html?appid=b0d5efe6fb7a4ed7a5fd9c3c681b8b41
/welcomingweek2016                        301  /posts/office-of-immigrant-affairs/2016-08-31-welcoming-week-2016/
/welcomingweek2017                        301  /posts/office-of-immigrant-affairs/2017-08-31-welcoming-week-2017/
/welcoming-week                           301  /spotlight/welcoming-week-2020/
/wholesale-wastewater                     301  https://secure8.i-doxs.net/CityOfPhiladelphiaWRB/WastewaterValidate.aspx
/wills                                    301  http://secureprod.phila.gov/wills/
/winter-meals                             301  /2019-12-10-winter-meals-and-food-pantries-for-students-and-families/
/workforce                                301  /programs/workforce-development/
/wp-admin                                 301  https://admin.phila.gov/wp-admin/
/wp-login.php                             301  https://admin.phila.gov/wp-login.php
/wright                                   301  /programs/community-schools/richard-r-wright-school/
/youthcommission/pages/default.aspx       301  /departments/office-of-youth-engagement/
/youthengagement/youthcommission/Pages/default.aspx 301 /departments/office-of-youth-engagement/philadelphia-youth-commission/
/youthengagement/mac/Pages/default.aspx   301  /departments/office-of-youth-engagement/millennial-advisory-committee/
/youthengagement(.*)                      301  /departments/office-of-youth-engagement/
/youth-engagement                         301  /departments/office-of-youth-engagement/
/zba/appeals-calendar$                    301  /zba/appeals-calendar/
/zba/appeals-calendar/(.*)                200  http://appeals-app.s3-website-us-east-1.amazonaws.com/$1
/zba                                      301  /departments/zoning-board-of-adjustment/
/zero-waste                               301  /programs/zero-waste-initiatives/
/zerowaste                                301  /programs/zero-waste-initiatives/
/zika                                     301  /services/mental-physical-health/environmental-health-hazards/zika-virus/
/zipcheck                                 301  /documents/zipcheck-application/
/zoning-summary-generator$                301  /zoning-summary-generator/
/zoning-summary-generator/(.*)             200  http://dpd-zoning-summary-generator.s3-website-us-east-1.amazonaws.com/$1            
/ReadyNPO                                 301  https://veoci.com/veoci/p/dashboard/ztvz85x3vq
